SKUPNO število testiranj,SKUPNO dnevno število testiranj,Dnevno število PCR testiranj,SKUPNO število pozitivnih oseb,SKUPNO DNEVNO število pozitivnih oseb,Skupno število hospitaliziranih oseb na posamezni dan,Skupno število oseb na intenzivni negi na posamezni dan,Dnevno število odpuščenih oseb iz bolnišnic,Skupno število umrlih
3863.0,1045.0,1045.0,131.0,49.0,17.0,2.0,0.0,0.0
5060.0,1197.0,1197.0,179.0,48.0,21.0,4.0,0.0,0.0
5976.0,916.0,916.0,215.0,36.0,28.0,3.0,0.0,1.0
6566.0,590.0,590.0,250.0,35.0,31.0,3.0,0.0,1.0
7437.0,871.0,871.0,277.0,27.0,32.0,3.0,0.0,1.0
8558.0,1121.0,1121.0,287.0,10.0,34.0,5.0,3.0,1.0
9584.0,1026.0,1026.0,319.0,32.0,43.0,6.0,3.0,1.0
10768.0,1184.0,1184.0,342.0,23.0,45.0,6.0,12.0,1.0
12010.0,1242.0,1242.0,368.0,26.0,55.0,9.0,8.0,1.0
12882.0,872.0,872.0,406.0,38.0,56.0,9.0,2.0,1.0
13613.0,731.0,731.0,440.0,34.0,55.0,10.0,4.0,1.0
14870.0,1257.0,1257.0,476.0,36.0,64.0,10.0,3.0,3.0
16113.0,1243.0,1243.0,526.0,50.0,72.0,14.0,2.0,4.0
17294.0,1181.0,1181.0,562.0,36.0,98.0,17.0,5.0,5.0
18369.0,1075.0,1075.0,632.0,61.0,90.0,22.0,6.0,7.0
19756.0,1387.0,1387.0,684.0,52.0,90.0,25.0,6.0,9.0
20753.0,997.0,997.0,730.0,46.0,101.0,23.0,0.0,11.0
21349.0,569.0,569.0,756.0,26.0,115.0,28.0,3.0,11.0
22474.0,1125.0,1125.0,802.0,46.0,119.0,28.0,7.0,13.0
23762.0,1288.0,1288.0,841.0,39.0,119.0,31.0,8.0,15.0
24857.0,1095.0,1095.0,897.0,56.0,112.0,29.0,4.0,16.0
25921.0,1064.0,1064.0,934.0,37.0,112.0,30.0,5.0,20.0
27109.0,1188.0,1188.0,977.0,43.0,109.0,31.0,10.0,22.0
27764.0,655.0,655.0,997.0,20.0,108.0,31.0,5.0,28.0
28253.0,489.0,489.0,1021.0,24.0,114.0,30.0,4.0,30.0
29455.0,1055.0,1055.0,1055.0,35.0,111.0,31.0,13.0,36.0
30669.0,1214.0,1214.0,1091.0,36.0,111.0,35.0,5.0,40.0
31813.0,1144.0,1144.0,1124.0,33.0,108.0,34.0,8.0,43.0
33047.0,1234.0,1234.0,1160.0,36.0,106.0,36.0,9.0,45.0
34279.0,1232.0,1232.0,1188.0,28.0,94.0,37.0,11.0,50.0
34851.0,572.0,572.0,1205.0,17.0,95.0,35.0,2.0,53.0
35405.0,554.0,554.0,1212.0,7.0,95.0,34.0,2.0,55.0
35946.0,541.0,541.0,1220.0,8.0,103.0,35.0,0.0,56.0
37114.0,1168.0,1168.0,1247.0,28.0,96.0,34.0,13.0,61.0
38137.0,1023.0,1023.0,1268.0,21.0,99.0,31.0,9.0,61.0
39330.0,1193.0,1193.0,1304.0,36.0,95.0,28.0,8.0,66.0
40580.0,1250.0,1250.0,1317.0,13.0,93.0,27.0,8.0,70.0
41265.0,685.0,685.0,1330.0,13.0,90.0,26.0,2.0,74.0
41802.0,537.0,537.0,1335.0,5.0,88.0,26.0,1.0,77.0
42976.0,1174.0,1174.0,1344.0,9.0,87.0,25.0,4.0,77.0
44435.0,1459.0,1459.0,1353.0,9.0,82.0,24.0,8.0,79.0
45703.0,1268.0,1268.0,1366.0,13.0,80.0,23.0,6.0,79.0
47018.0,1315.0,1315.0,1373.0,7.0,78.0,24.0,4.0,80.0
48179.0,1161.0,1161.0,1388.0,15.0,77.0,23.0,4.0,81.0
48973.0,794.0,794.0,1396.0,7.0,80.0,23.0,2.0,82.0
49607.0,634.0,634.0,1402.0,6.0,80.0,22.0,0.0,83.0
50290.0,683.0,683.0,1408.0,6.0,78.0,24.0,2.0,86.0
51607.0,1317.0,1317.0,1418.0,10.0,73.0,25.0,7.0,89.0
52948.0,1341.0,1341.0,1429.0,11.0,63.0,22.0,3.0,91.0
54300.0,1352.0,1352.0,1434.0,5.0,58.0,21.0,5.0,93.0
55020.0,720.0,720.0,1439.0,5.0,60.0,21.0,1.0,94.0
55520.0,500.0,500.0,1439.0,0.0,59.0,21.0,2.0,96.0
56136.0,616.0,616.0,1439.0,0.0,58.0,20.0,3.0,97.0
57474.0,1338.0,1338.0,1445.0,6.0,56.0,17.0,3.0,98.0
58923.0,1449.0,1449.0,1448.0,3.0,53.0,14.0,2.0,99.0
59978.0,1055.0,1055.0,1449.0,1.0,52.0,13.0,1.0,99.0
61027.0,1049.0,1049.0,1450.0,1.0,47.0,12.0,5.0,100.0
62203.0,1176.0,1176.0,1454.0,4.0,43.0,10.0,3.0,101.0
62828.0,625.0,625.0,1457.0,3.0,41.0,10.0,1.0,102.0
63365.0,537.0,537.0,1460.0,3.0,42.0,10.0,0.0,102.0
64547.0,1182.0,1182.0,1461.0,1.0,40.0,9.0,3.0,102.0
65694.0,1147.0,1147.0,1463.0,2.0,38.0,9.0,1.0,103.0
66678.0,984.0,984.0,1464.0,1.0,32.0,7.0,7.0,103.0
67701.0,1023.0,1023.0,1465.0,1.0,29.0,7.0,3.0,103.0
68852.0,1151.0,1151.0,1465.0,0.0,27.0,6.0,2.0,103.0
69363.0,511.0,511.0,1466.0,1.0,26.0,5.0,1.0,104.0
69842.0,479.0,479.0,1466.0,0.0,25.0,5.0,1.0,104.0
70970.0,1128.0,1128.0,1467.0,1.0,24.0,5.0,1.0,104.0
71951.0,981.0,981.0,1468.0,1.0,23.0,4.0,1.0,105.0
72860.0,909.0,909.0,1468.0,0.0,21.0,3.0,2.0,106.0
73742.0,882.0,882.0,1468.0,0.0,21.0,4.0,0.0,106.0
74419.0,677.0,677.0,1468.0,0.0,19.0,4.0,2.0,106.0
74760.0,341.0,341.0,1468.0,0.0,18.0,4.0,0.0,107.0
75016.0,256.0,256.0,1469.0,1.0,16.0,3.0,2.0,107.0
75770.0,754.0,754.0,1469.0,0.0,9.0,2.0,6.0,108.0
76579.0,809.0,809.0,1471.0,2.0,8.0,2.0,2.0,108.0
77210.0,631.0,631.0,1473.0,2.0,7.0,2.0,1.0,108.0
77916.0,706.0,706.0,1473.0,0.0,7.0,2.0,0.0,108.0
78529.0,613.0,613.0,1473.0,0.0,7.0,2.0,0.0,108.0
78793.0,264.0,264.0,1473.0,0.0,6.0,2.0,1.0,108.0
79039.0,246.0,246.0,1473.0,0.0,5.0,1.0,0.0,109.0
79698.0,659.0,659.0,1475.0,2.0,5.0,1.0,0.0,109.0
80505.0,807.0,807.0,1477.0,2.0,5.0,0.0,0.0,109.0
81333.0,828.0,828.0,1477.0,0.0,5.0,0.0,0.0,109.0
82161.0,828.0,828.0,1479.0,2.0,6.0,0.0,0.0,109.0
82876.0,715.0,715.0,1484.0,5.0,6.0,0.0,0.0,109.0
83105.0,229.0,229.0,1485.0,1.0,5.0,0.0,1.0,109.0
83316.0,211.0,211.0,1485.0,0.0,5.0,0.0,0.0,109.0
84130.0,814.0,814.0,1486.0,1.0,6.0,0.0,0.0,109.0
84868.0,738.0,738.0,1488.0,2.0,6.0,0.0,0.0,109.0
85626.0,758.0,758.0,1488.0,0.0,6.0,0.0,0.0,109.0
86328.0,702.0,702.0,1490.0,2.0,6.0,0.0,0.0,109.0
87095.0,767.0,767.0,1492.0,2.0,6.0,0.0,0.0,109.0
87386.0,291.0,291.0,1495.0,3.0,6.0,0.0,0.0,109.0
87598.0,212.0,212.0,1496.0,1.0,7.0,1.0,0.0,109.0
88165.0,567.0,567.0,1499.0,3.0,7.0,1.0,0.0,109.0
89151.0,986.0,986.0,1503.0,4.0,7.0,1.0,0.0,109.0
90103.0,952.0,952.0,1511.0,8.0,6.0,1.0,1.0,109.0
91005.0,902.0,902.0,1513.0,2.0,8.0,1.0,0.0,109.0
92152.0,1147.0,1147.0,1519.0,6.0,6.0,1.0,2.0,109.0
92919.0,758.0,758.0,1520.0,1.0,6.0,1.0,2.0,109.0
93181.0,271.0,271.0,1521.0,1.0,6.0,1.0,0.0,109.0
94165.0,984.0,984.0,1534.0,13.0,5.0,1.0,1.0,111.0
95387.0,1222.0,1222.0,1541.0,7.0,7.0,2.0,0.0,111.0
96599.0,1212.0,1212.0,1547.0,6.0,7.0,2.0,0.0,111.0
97442.0,843.0,843.0,1558.0,11.0,8.0,2.0,0.0,111.0
98320.0,878.0,878.0,1572.0,14.0,8.0,1.0,0.0,111.0
98945.0,625.0,625.0,1581.0,9.0,7.0,0.0,1.0,111.0
99245.0,300.0,300.0,1585.0,4.0,8.0,0.0,0.0,111.0
100330.0,1085.0,1085.0,1600.0,15.0,8.0,0.0,0.0,111.0
101729.0,1399.0,1399.0,1613.0,13.0,8.0,0.0,0.0,111.0
102927.0,1198.0,1198.0,1633.0,21.0,9.0,0.0,0.0,111.0
104201.0,1274.0,1274.0,1649.0,16.0,10.0,0.0,0.0,111.0
105652.0,1456.0,1456.0,1679.0,30.0,6.0,0.0,4.0,111.0
106368.0,716.0,716.0,1700.0,21.0,6.0,0.0,1.0,111.0
106898.0,530.0,530.0,1716.0,16.0,11.0,0.0,0.0,111.0
108228.0,1325.0,1325.0,1739.0,23.0,12.0,0.0,1.0,111.0
109835.0,1607.0,1607.0,1763.0,24.0,14.0,0.0,3.0,111.0
111106.0,1271.0,1271.0,1776.0,13.0,15.0,0.0,1.0,111.0
112496.0,1390.0,1390.0,1793.0,17.0,16.0,0.0,0.0,111.0
113665.0,1159.0,1159.0,1827.0,34.0,16.0,0.0,0.0,111.0
114215.0,560.0,560.0,1841.0,14.0,16.0,0.0,0.0,111.0
114665.0,440.0,440.0,1849.0,8.0,17.0,1.0,1.0,111.0
115873.0,1218.0,1218.0,1859.0,10.0,17.0,1.0,3.0,111.0
116985.0,1112.0,1112.0,1878.0,19.0,16.0,1.0,1.0,111.0
118017.0,1032.0,1032.0,1897.0,19.0,18.0,1.0,0.0,111.0
119029.0,1012.0,1012.0,1916.0,19.0,19.0,1.0,1.0,111.0
120056.0,1027.0,1027.0,1940.0,24.0,19.0,2.0,2.0,111.0
120536.0,480.0,480.0,1946.0,6.0,18.0,2.0,0.0,112.0
120907.0,371.0,371.0,1953.0,7.0,19.0,3.0,0.0,113.0
121821.0,914.0,914.0,1977.0,24.0,22.0,3.0,2.0,114.0
122971.0,1150.0,1150.0,2006.0,29.0,22.0,2.0,1.0,115.0
123906.0,935.0,935.0,2033.0,27.0,24.0,2.0,1.0,115.0
124754.0,848.0,848.0,2052.0,19.0,23.0,2.0,3.0,115.0
125672.0,918.0,918.0,2066.0,14.0,19.0,4.0,4.0,116.0
126237.0,565.0,565.0,2082.0,16.0,21.0,4.0,2.0,116.0
126572.0,335.0,335.0,2087.0,5.0,20.0,3.0,1.0,116.0
127446.0,874.0,874.0,2101.0,14.0,17.0,3.0,3.0,117.0
128365.0,919.0,919.0,2115.0,14.0,21.0,4.0,0.0,117.0
129244.0,879.0,879.0,2139.0,24.0,22.0,5.0,0.0,118.0
130161.0,917.0,917.0,2156.0,17.0,24.0,5.0,0.0,119.0
131053.0,892.0,892.0,2171.0,15.0,22.0,5.0,2.0,119.0
131427.0,374.0,374.0,2180.0,9.0,22.0,2.0,0.0,120.0
131699.0,272.0,272.0,2181.0,1.0,20.0,1.0,0.0,122.0
132589.0,890.0,890.0,2190.0,9.0,22.0,2.0,3.0,123.0
133563.0,974.0,974.0,2208.0,18.0,22.0,3.0,2.0,124.0
134334.0,771.0,771.0,2223.0,15.0,24.0,3.0,1.0,125.0
135087.0,753.0,753.0,2233.0,10.0,24.0,4.0,1.0,125.0
135916.0,829.0,829.0,2247.0,14.0,22.0,3.0,1.0,126.0
136220.0,304.0,304.0,2249.0,2.0,24.0,3.0,0.0,127.0
136542.0,332.0,332.0,2255.0,6.0,24.0,2.0,0.0,128.0
137600.0,1058.0,1058.0,2272.0,17.0,23.0,2.0,1.0,129.0
138718.0,1118.0,1118.0,2303.0,31.0,23.0,2.0,1.0,129.0
139574.0,856.0,856.0,2332.0,29.0,19.0,2.0,5.0,129.0
140511.0,937.0,937.0,2369.0,37.0,18.0,3.0,4.0,129.0
141545.0,1034.0,1034.0,2401.0,32.0,16.0,3.0,4.0,129.0
141927.0,382.0,382.0,2416.0,15.0,17.0,4.0,1.0,129.0
142320.0,393.0,393.0,2429.0,13.0,19.0,3.0,0.0,129.0
143463.0,1143.0,1143.0,2456.0,27.0,16.0,3.0,3.0,129.0
144555.0,1092.0,1092.0,2493.0,37.0,17.0,3.0,0.0,129.0
145723.0,1168.0,1168.0,2536.0,43.0,17.0,2.0,3.0,129.0
146819.0,1096.0,1096.0,2574.0,38.0,18.0,0.0,1.0,130.0
148022.0,1203.0,1203.0,2617.0,43.0,18.0,0.0,2.0,131.0
148782.0,760.0,760.0,2651.0,34.0,17.0,0.0,1.0,131.0
149235.0,543.0,543.0,2665.0,14.0,17.0,0.0,1.0,133.0
150695.0,1370.0,1370.0,2686.0,21.0,17.0,0.0,2.0,133.0
152134.0,1439.0,1439.0,2722.0,36.0,20.0,0.0,1.0,133.0
153433.0,1299.0,1299.0,2755.0,33.0,23.0,0.0,0.0,133.0
154771.0,1338.0,1338.0,2797.0,42.0,22.0,1.0,4.0,133.0
156099.0,1328.0,1328.0,2834.0,37.0,23.0,2.0,1.0,133.0
156868.0,769.0,769.0,2865.0,31.0,24.0,2.0,0.0,133.0
157456.0,588.0,588.0,2883.0,18.0,25.0,3.0,0.0,133.0
158871.0,1415.0,1415.0,2924.0,41.0,25.0,2.0,3.0,133.0
160479.0,1608.0,1608.0,2979.0,55.0,26.0,4.0,2.0,134.0
162132.0,1653.0,1653.0,3032.0,53.0,26.0,4.0,3.0,134.0
163865.0,1733.0,1733.0,3079.0,47.0,24.0,3.0,4.0,134.0
165573.0,1708.0,1708.0,3122.0,43.0,22.0,3.0,5.0,135.0
166785.0,1212.0,1212.0,3165.0,43.0,23.0,3.0,1.0,135.0
167491.0,706.0,706.0,3190.0,25.0,26.0,4.0,2.0,135.0
169072.0,1581.0,1581.0,3232.0,42.0,28.0,4.0,3.0,135.0
171632.0,2560.0,2560.0,3312.0,79.0,33.0,4.0,3.0,135.0
174121.0,2489.0,2489.0,3388.0,77.0,26.0,5.0,2.0,135.0
176879.0,2758.0,2758.0,3498.0,108.0,27.0,5.0,0.0,135.0
180070.0,3191.0,3191.0,3603.0,105.0,26.0,5.0,0.0,135.0
181863.0,1793.0,1793.0,3702.0,99.0,31.0,6.0,5.0,135.0
182973.0,1110.0,1110.0,3749.0,47.0,40.0,9.0,6.0,135.0
185220.0,2247.0,2247.0,3831.0,82.0,50.0,10.0,1.0,135.0
188343.0,3123.0,3123.0,3954.0,123.0,61.0,11.0,1.0,135.0
191413.0,3070.0,3070.0,4058.0,104.0,62.0,11.0,1.0,136.0
194970.0,3557.0,3557.0,4195.0,137.0,67.0,11.0,3.0,140.0
198040.0,3070.0,3070.0,4309.0,114.0,67.0,10.0,4.0,141.0
200328.0,2288.0,2288.0,4420.0,111.0,66.0,13.0,5.0,142.0
201312.0,984.0,984.0,4470.0,50.0,70.0,14.0,1.0,142.0
203647.0,2335.0,2335.0,4558.0,88.0,71.0,13.0,8.0,142.0
206263.0,2616.0,2616.0,4694.0,136.0,65.0,10.0,10.0,143.0
209111.0,2848.0,2848.0,4816.0,122.0,63.0,13.0,9.0,145.0
212756.0,3645.0,3645.0,5007.0,192.0,60.0,15.0,11.0,145.0
215531.0,2775.0,2775.0,5191.0,184.0,72.0,17.0,2.0,146.0
217448.0,1917.0,1917.0,5360.0,159.0,80.0,18.0,15.0,147.0
218357.0,909.0,909.0,5388.0,39.0,79.0,16.0,9.0,149.0
220739.0,2382.0,2382.0,5487.0,99.0,84.0,16.0,19.0,149.0
224130.0,3391.0,3391.0,5690.0,203.0,86.0,16.0,8.0,150.0
227029.0,2899.0,2899.0,5865.0,175.0,86.0,15.0,15.0,152.0
230310.0,3281.0,3281.0,6103.0,238.0,86.0,15.0,8.0,154.0
233203.0,2893.0,2893.0,6330.0,227.0,94.0,15.0,7.0,155.0
235143.0,1940.0,1940.0,6498.0,168.0,101.0,16.0,1.0,155.0
236177.0,1034.0,1034.0,6574.0,75.0,107.0,21.0,8.0,157.0
238686.0,2509.0,2509.0,6764.0,189.0,111.0,20.0,10.0,160.0
242687.0,3998.0,3998.0,7120.0,356.0,122.0,22.0,11.0,160.0
246339.0,3655.0,3655.0,7507.0,387.0,131.0,21.0,15.0,161.0
250021.0,3682.0,3682.0,7872.0,363.0,138.0,22.0,9.0,165.0
254383.0,4362.0,4362.0,8252.0,380.0,147.0,21.0,6.0,167.0
257339.0,2956.0,2956.0,8663.0,411.0,158.0,27.0,8.0,167.0
258743.0,1404.0,1404.0,8832.0,169.0,172.0,26.0,4.0,169.0
262051.0,3308.0,3308.0,9231.0,398.0,180.0,32.0,18.0,173.0
266953.0,4902.0,4902.0,9938.0,707.0,210.0,35.0,17.0,175.0
272240.0,5287.0,5287.0,10684.0,745.0,222.0,40.0,20.0,176.0
277436.0,5196.0,5196.0,11518.0,834.0,242.0,45.0,9.0,180.0
283041.0,5605.0,5605.0,12416.0,898.0,250.0,43.0,28.0,184.0
286806.0,3765.0,3765.0,13144.0,726.0,265.0,49.0,12.0,188.0
289443.0,2637.0,2637.0,13681.0,537.0,289.0,55.0,9.0,190.0
293769.0,4326.0,4326.0,14475.0,794.0,313.0,56.0,27.0,192.0
299660.0,5891.0,5891.0,15980.0,1503.0,333.0,55.0,32.0,202.0
305875.0,6215.0,6215.0,17644.0,1663.0,357.0,62.0,32.0,211.0
312620.0,6745.0,6745.0,19300.0,1656.0,394.0,67.0,25.0,216.0
319645.0,7025.0,7025.0,21261.0,1961.0,449.0,63.0,31.0,235.0
325421.0,5776.0,5776.0,22936.0,1675.0,508.0,71.0,23.0,241.0
329103.0,3682.0,3682.0,24051.0,1115.0,523.0,82.0,23.0,251.0
334859.0,5756.0,5756.0,25551.0,1499.0,560.0,86.0,42.0,264.0
342330.0,7471.0,7471.0,28156.0,2605.0,612.0,99.0,54.0,278.0
349532.0,7202.0,7202.0,30644.0,2488.0,660.0,109.0,47.0,292.0
355900.0,6368.0,6368.0,32442.0,1798.0,703.0,122.0,40.0,315.0
362610.0,6710.0,6710.0,34239.0,1796.0,779.0,122.0,67.0,338.0
367417.0,4807.0,4807.0,35580.0,1342.0,821.0,131.0,34.0,363.0
369661.0,2244.0,2244.0,36137.0,557.0,868.0,135.0,50.0,388.0
374248.0,4587.0,4587.0,37313.0,1176.0,925.0,146.0,57.0,412.0
380559.0,6311.0,6311.0,39340.0,2027.0,979.0,158.0,63.0,441.0
386550.0,5991.0,5991.0,41025.0,1685.0,1023.0,161.0,60.0,471.0
392445.0,5895.0,5895.0,42589.0,1564.0,1069.0,168.0,92.0,497.0
398785.0,6340.0,6340.0,44201.0,1612.0,1084.0,178.0,93.0,531.0
402703.0,3918.0,3918.0,45090.0,889.0,1125.0,176.0,42.0,554.0
404766.0,2063.0,2063.0,45554.0,464.0,1143.0,190.0,53.0,578.0
409223.0,4457.0,4457.0,46638.0,1084.0,1171.0,196.0,104.0,605.0
416738.0,7515.0,7515.0,48855.0,2217.0,1192.0,202.0,96.0,645.0
423505.0,6767.0,6767.0,50780.0,1925.0,1210.0,200.0,93.0,686.0
429267.0,5762.0,5762.0,52288.0,1508.0,1199.0,200.0,79.0,724.0
435924.0,6657.0,6657.0,54001.0,1731.0,1224.0,206.0,95.0,765.0
439487.0,3563.0,3563.0,54921.0,920.0,1261.0,201.0,44.0,797.0
441279.0,1792.0,1792.0,55422.0,501.0,1264.0,207.0,38.0,831.0
446605.0,5326.0,5326.0,56810.0,1388.0,1275.0,208.0,92.0,876.0
453418.0,6813.0,6813.0,58823.0,2013.0,1280.0,209.0,116.0,919.0
460224.0,6806.0,6806.0,60887.0,2064.0,1238.0,205.0,78.0,964.0
465897.0,5673.0,5673.0,62433.0,1546.0,1254.0,201.0,68.0,995.0
472477.0,6580.0,6580.0,64123.0,1690.0,1219.0,197.0,129.0,1026.0
475909.0,3432.0,3432.0,65147.0,1024.0,1244.0,198.0,39.0,1052.0
477653.0,1742.0,1742.0,65617.0,470.0,1292.0,201.0,29.0,1097.0
483249.0,5596.0,5596.0,66919.0,1302.0,1299.0,204.0,78.0,1156.0
491312.0,8063.0,8063.0,69145.0,2226.0,1297.0,202.0,113.0,1199.0
498703.0,7391.0,7391.0,70911.0,1767.0,1302.0,215.0,91.0,1245.0
505290.0,6587.0,6587.0,72520.0,1609.0,1324.0,206.0,98.0,1293.0
512228.0,6938.0,6938.0,74103.0,1591.0,1258.0,194.0,113.0,1336.0
515872.0,3644.0,3644.0,75209.0,1106.0,1278.0,195.0,59.0,1384.0
517752.0,1875.0,1875.0,75637.0,428.0,1298.0,205.0,36.0,1435.0
523620.0,5868.0,5868.0,76929.0,1292.0,1299.0,210.0,81.0,1490.0
530798.0,7178.0,7178.0,79564.0,2429.0,1285.0,199.0,88.0,1547.0
532266.0,6704.0,6704.0,81338.0,1772.0,1289.0,198.0,76.0,1592.0
545798.0,6928.0,6928.0,83133.0,1784.0,1284.0,197.0,86.0,1653.0
552142.0,6344.0,6344.0,84769.0,1636.0,1272.0,199.0,122.0,1700.0
555866.0,3744.0,3744.0,85790.0,1030.0,1302.0,197.0,51.0,1744.0
557617.0,1751.0,1751.0,86270.0,480.0,1301.0,196.0,41.0,1796.0
563795.0,6158.0,6158.0,87915.0,1627.0,1304.0,193.0,86.0,1862.0
570798.0,7003.0,7003.0,90075.0,2139.0,1282.0,198.0,104.0,1900.0
577208.0,6410.0,6410.0,91922.0,1849.0,1258.0,189.0,97.0,1949.0
583661.0,6453.0,6453.0,93735.0,1813.0,1268.0,196.0,113.0,1998.0
589788.0,6127.0,6127.0,95479.0,1744.0,1276.0,193.0,121.0,2041.0
592436.0,2648.0,2648.0,96309.0,830.0,1315.0,201.0,52.0,2063.0
594115.0,1679.0,1679.0,96722.0,431.0,1320.0,208.0,48.0,2107.0
599749.0,5634.0,5634.0,98264.0,1524.0,1284.0,204.0,127.0,2151.0
606328.0,6579.0,6579.0,100389.0,2107.0,1251.0,211.0,128.0,2193.0
612678.0,6350.0,6350.0,102043.0,1642.0,1229.0,208.0,116.0,2236.0
618540.0,5862.0,5862.0,103555.0,1512.0,1212.0,207.0,97.0,2278.0
624140.0,5600.0,5600.0,104982.0,1427.0,1199.0,202.0,93.0,2318.0
626786.0,2646.0,2646.0,105866.0,884.0,1214.0,201.0,41.0,2358.0
628232.0,1446.0,1446.0,106294.0,395.0,1271.0,208.0,22.0,2383.0
635648.0,7416.0,5763.0,107798.0,1504.0,1261.0,207.0,119.0,2422.0
646241.0,10593.0,6524.0,109927.0,2129.0,1226.0,204.0,123.0,2458.0
660339.0,14098.0,6385.0,111967.0,2040.0,1189.0,210.0,120.0,2485.0
672762.0,12423.0,5187.0,113750.0,1783.0,1142.0,201.0,106.0,2514.0
674223.0,1461.0,1336.0,114115.0,365.0,1165.0,209.0,39.0,2539.0
676661.0,2438.0,1880.0,114729.0,614.0,1179.0,205.0,38.0,2573.0
678637.0,1976.0,1664.0,115246.0,517.0,1221.0,207.0,37.0,2603.0
689387.0,10750.0,5677.0,117203.0,1957.0,1170.0,198.0,157.0,2638.0
702553.0,13166.0,5764.0,119613.0,2410.0,1172.0,210.0,98.0,2672.0
716936.0,14383.0,6011.0,122025.0,2412.0,1174.0,198.0,97.0,2704.0
725850.0,8914.0,4073.0,123777.0,1752.0,1110.0,189.0,123.0,2735.0
727441.0,1591.0,1419.0,124165.0,388.0,1111.0,188.0,34.0,2774.0
730135.0,2694.0,2304.0,124890.0,725.0,1173.0,190.0,29.0,2803.0
732806.0,2671.0,2041.0,125634.0,744.0,1209.0,194.0,38.0,2838.0
756303.0,23497.0,5966.0,128135.0,2501.0,1193.0,188.0,108.0,2868.0
778497.0,22194.0,6956.0,131489.0,3354.0,1177.0,182.0,106.0,2899.0
796777.0,18280.0,6370.0,134152.0,2663.0,1169.0,189.0,84.0,2922.0
811495.0,14718.0,5259.0,136197.0,2045.0,1160.0,191.0,92.0,2947.0
824564.0,13069.0,4895.0,138040.0,1843.0,1143.0,194.0,106.0,2973.0
829725.0,5161.0,2669.0,138792.0,752.0,1192.0,202.0,38.0,2998.0
831925.0,2200.0,1720.0,139218.0,426.0,1205.0,196.0,42.0,3022.0
845892.0,13967.0,5512.0,141078.0,1860.0,1202.0,192.0,110.0,3053.0
857835.0,11943.0,6193.0,143170.0,2092.0,1244.0,206.0,90.0,3070.0
869329.0,11494.0,5637.0,144937.0,1767.0,1266.0,199.0,80.0,3093.0
880547.0,11218.0,4897.0,146415.0,1478.0,1266.0,197.0,84.0,3121.0
891100.0,10553.0,4763.0,147938.0,1523.0,1224.0,193.0,128.0,3140.0
894167.0,3067.0,2497.0,148510.0,572.0,1220.0,188.0,38.0,3180.0
895936.0,1769.0,1404.0,148803.0,293.0,1237.0,184.0,31.0,3206.0
909946.0,14010.0,5306.0,150493.0,1690.0,1200.0,187.0,126.0,3231.0
921254.0,11308.0,5384.0,152191.0,1698.0,1178.0,181.0,125.0,3257.0
932853.0,11599.0,4813.0,153636.0,1445.0,1159.0,183.0,96.0,3284.0
944002.0,11149.0,4872.0,155075.0,1439.0,1140.0,185.0,95.0,3309.0
955952.0,11950.0,4405.0,156581.0,1506.0,1129.0,192.0,90.0,3329.0
958927.0,2975.0,2140.0,157118.0,537.0,1149.0,190.0,36.0,3360.0
961661.0,2734.0,1293.0,157411.0,293.0,1173.0,192.0,33.0,3379.0
996753.0,35092.0,4700.0,159063.0,1652.0,1157.0,192.0,91.0,3406.0
1012699.0,15946.0,5418.0,160913.0,1850.0,1144.0,172.0,80.0,3425.0
1026296.0,13597.0,4958.0,162429.0,1516.0,1106.0,171.0,91.0,3448.0
1038329.0,12033.0,4506.0,163723.0,1294.0,1082.0,169.0,84.0,3468.0
1051122.0,12793.0,4299.0,165013.0,1290.0,1047.0,166.0,113.0,3490.0
1055741.0,4619.0,2408.0,165593.0,580.0,1053.0,165.0,43.0,3503.0
1060425.0,4684.0,1458.0,165946.0,353.0,1066.0,169.0,30.0,3522.0
1097724.0,37299.0,4536.0,167565.0,1619.0,1032.0,168.0,94.0,3541.0
1113670.0,15946.0,5709.0,169125.0,1560.0,1012.0,165.0,82.0,3564.0
1128215.0,14545.0,5160.0,170392.0,1267.0,989.0,165.0,74.0,3580.0
1141119.0,12904.0,5247.0,171351.0,959.0,988.0,161.0,78.0,3594.0
1158383.0,17264.0,4541.0,172341.0,990.0,926.0,157.0,121.0,3611.0
1163747.0,5364.0,2497.0,172839.0,498.0,931.0,160.0,37.0,3622.0
1167578.0,3831.0,1565.0,173143.0,304.0,946.0,160.0,25.0,3634.0
1178831.0,11253.0,1493.0,173500.0,357.0,945.0,162.0,41.0,3910.0
1223335.0,44504.0,5061.0,174939.0,1439.0,864.0,160.0,121.0,3923.0
1249605.0,26270.0,5482.0,176324.0,1385.0,828.0,157.0,76.0,3933.0
1273254.0,23649.0,5151.0,177379.0,1055.0,789.0,154.0,71.0,3948.0
1296351.0,23097.0,4458.0,178384.0,1005.0,763.0,172.0,91.0,3960.0
1303474.0,7123.0,1848.0,178713.0,329.0,740.0,139.0,31.0,3972.0
1313875.0,10401.0,1274.0,178957.0,244.0,738.0,135.0,34.0,3983.0
1356107.0,42232.0,4402.0,180520.0,740.0,691.0,127.0,76.0,3984.0
1381184.0,25077.0,5115.0,181617.0,1097.0,648.0,126.0,72.0,3996.0
1409460.0,28276.0,4271.0,182489.0,872.0,619.0,116.0,61.0,4006.0
1442292.0,32832.0,4556.0,183399.0,910.0,623.0,114.0,40.0,4013.0
1472072.0,29780.0,4397.0,184355.0,956.0,579.0,109.0,72.0,4020.0
1482275.0,10203.0,2067.0,184771.0,416.0,566.0,102.0,31.0,4027.0
1492254.0,9979.0,1428.0,185018.0,247.0,584.0,104.0,13.0,4035.0
1531943.0,39689.0,4369.0,185912.0,899.0,567.0,107.0,62.0,4043.0
1559872.0,27929.0,5316.0,187001.0,1089.0,546.0,105.0,56.0,4053.0
1589532.0,29660.0,4565.0,187853.0,852.0,546.0,103.0,50.0,4060.0
1614462.0,24930.0,4484.0,188765.0,912.0,529.0,94.0,42.0,4074.0
1646512.0,32050.0,4861.0,189713.0,948.0,513.0,95.0,49.0,4087.0
1654589.0,8077.0,2611.0,190164.0,451.0,529.0,93.0,16.0,4094.0
1665296.0,10707.0,1451.0,189589.0,243.0,543.0,91.0,16.0,4127.0
1717786.0,52490.0,4487.0,191053.0,729.0,528.0,84.0,64.0,4122.0
1748231.0,30445.0,6212.0,192262.0,1209.0,516.0,82.0,54.0,4133.0
1781247.0,33016.0,5822.0,193281.0,1019.0,511.0,86.0,42.0,4137.0
1808283.0,27036.0,5435.0,194162.0,881.0,521.0,85.0,32.0,4141.0
1843478.0,35195.0,5287.0,195082.0,920.0,498.0,88.0,62.0,4147.0
1853015.0,9537.0,2785.0,195464.0,382.0,510.0,89.0,17.0,4150.0
1861952.0,8937.0,1681.0,195674.0,210.0,527.0,91.0,14.0,4156.0
1914570.0,52618.0,4700.0,196422.0,740.0,506.0,90.0,63.0,4178.0
1945633.0,31063.0,6017.0,197374.0,952.0,485.0,92.0,55.0,4182.0
1977160.0,31527.0,5786.0,198234.0,860.0,483.0,90.0,51.0,4192.0
2007829.0,30669.0,5222.0,199004.0,770.0,437.0,84.0,42.0,4200.0
2042458.0,34629.0,3800.0,199851.0,847.0,436.0,84.0,48.0,4203.0
2052201.0,9743.0,2984.0,200371.0,520.0,438.0,83.0,18.0,4208.0
2060111.0,7910.0,1625.0,200576.0,205.0,463.0,87.0,6.0,4212.0
2112062.0,51951.0,4842.0,201461.0,918.0,451.0,83.0,59.0,4223.0
2142739.0,30677.0,5989.0,202573.0,1112.0,444.0,83.0,48.0,4230.0
2175528.0,32789.0,5442.0,203545.0,972.0,462.0,85.0,20.0,4233.0
2206594.0,31066.0,5502.0,204482.0,937.0,485.0,88.0,29.0,4243.0
2246624.0,40030.0,5651.0,205512.0,1030.0,458.0,88.0,71.0,4249.0
2256316.0,9692.0,2849.0,206028.0,516.0,473.0,93.0,19.0,4254.0
2264649.0,8333.0,1842.0,206318.0,290.0,494.0,94.0,18.0,4258.0
2316708.0,52059.0,5022.0,207299.0,981.0,507.0,96.0,50.0,4267.0
2351407.0,34699.0,6979.0,208587.0,1288.0,500.0,99.0,52.0,4276.0
2385484.0,34077.0,6432.0,209751.0,1164.0,501.0,106.0,55.0,4280.0
2419310.0,33826.0,6637.0,210783.0,1032.0,500.0,108.0,30.0,4290.0
2458140.0,38830.0,6767.0,212036.0,1253.0,497.0,107.0,62.0,4293.0
2468181.0,10041.0,3461.0,212676.0,640.0,499.0,105.0,29.0,4300.0
2474574.0,6393.0,1774.0,212963.0,287.0,526.0,112.0,16.0,4306.0
2527004.0,52430.0,5395.0,214044.0,1080.0,515.0,105.0,61.0,4326.0
2558334.0,31330.0,7206.0,215602.0,1558.0,500.0,111.0,66.0,4333.0
2585790.0,27456.0,5622.0,216937.0,1335.0,518.0,108.0,34.0,4340.0
2609060.0,23270.0,5363.0,218106.0,1169.0,515.0,118.0,53.0,4349.0
2632961.0,23901.0,4998.0,219402.0,1296.0,531.0,123.0,50.0,4354.0
2639800.0,6839.0,2797.0,220122.0,720.0,535.0,124.0,25.0,4361.0
2642605.0,2805.0,1536.0,220405.0,283.0,557.0,126.0,23.0,4368.0
2647995.0,5390.0,1879.0,220698.0,273.0,573.0,132.0,23.0,4376.0
2682168.0,34173.0,4812.0,221887.0,1189.0,581.0,131.0,60.0,4379.0
2708318.0,26150.0,5360.0,223414.0,1527.0,599.0,129.0,56.0,4384.0
2734080.0,25762.0,5198.0,224693.0,1279.0,618.0,139.0,54.0,4387.0
2764946.0,30866.0,4730.0,225943.0,1250.0,605.0,141.0,67.0,4399.0
2775243.0,10297.0,2864.0,226491.0,548.0,615.0,139.0,43.0,4406.0
2782577.0,7334.0,1484.0,226778.0,287.0,636.0,142.0,18.0,4413.0
2830901.0,48324.0,4588.0,227827.0,1049.0,617.0,146.0,79.0,4415.0
2859620.0,28719.0,5306.0,229060.0,1233.0,622.0,154.0,62.0,4420.0
2888140.0,28520.0,4278.0,229951.0,891.0,624.0,150.0,55.0,4427.0
2916613.0,28473.0,4253.0,230811.0,860.0,639.0,152.0,50.0,4432.0
2953684.0,37071.0,3752.0,231577.0,766.0,629.0,151.0,66.0,4438.0
2962888.0,9204.0,2620.0,232055.0,478.0,631.0,154.0,41.0,4444.0
2971069.0,8181.0,1605.0,232289.0,234.0,652.0,157.0,14.0,4452.0
3014042.0,42973.0,3537.0,233033.0,718.0,649.0,156.0,69.0,4457.0
3043853.0,29811.0,4816.0,234067.0,1034.0,631.0,155.0,62.0,4483.0
3073739.0,29886.0,4258.0,234812.0,745.0,620.0,154.0,59.0,4494.0
3108376.0,34637.0,5371.0,235712.0,900.0,629.0,159.0,62.0,4500.0
3155340.0,46964.0,5180.0,236543.0,831.0,618.0,160.0,58.0,4509.0
3167351.0,12011.0,2690.0,236959.0,416.0,630.0,157.0,32.0,4514.0
3175123.0,7772.0,1354.0,237150.0,191.0,643.0,158.0,23.0,4519.0
3209895.0,34772.0,3653.0,238023.0,807.0,649.0,161.0,58.0,4526.0
3216045.0,6150.0,2007.0,238421.0,398.0,621.0,155.0,40.0,4541.0
3254296.0,38251.0,3937.0,239339.0,918.0,636.0,157.0,59.0,4547.0
3290388.0,36092.0,4442.0,240288.0,949.0,626.0,157.0,45.0,4554.0
3329099.0,38711.0,4197.0,241305.0,1017.0,616.0,154.0,75.0,4561.0
3336076.0,6977.0,1827.0,241668.0,362.0,605.0,152.0,35.0,4567.0
3344600.0,8524.0,1380.0,241876.0,209.0,608.0,147.0,19.0,4573.0
3393399.0,48799.0,4024.0,242790.0,894.0,584.0,143.0,74.0,4577.0
3423004.0,29605.0,4750.0,243719.0,929.0,560.0,141.0,63.0,4583.0
3455038.0,32034.0,4228.0,244493.0,774.0,551.0,139.0,51.0,4586.0
3489832.0,34794.0,4029.0,245099.0,606.0,538.0,141.0,52.0,4587.0
3532852.0,43020.0,4327.0,245731.0,632.0,504.0,129.0,66.0,4588.0
3543473.0,10621.0,2406.0,246020.0,289.0,498.0,128.0,28.0,4595.0
3551577.0,8104.0,1310.0,246167.0,147.0,508.0,133.0,15.0,4601.0
3598839.0,47262.0,3642.0,246725.0,491.0,477.0,131.0,54.0,4620.0
3630602.0,31763.0,4698.0,247451.0,726.0,463.0,127.0,55.0,4622.0
3663704.0,33102.0,4636.0,248048.0,597.0,450.0,123.0,45.0,4626.0
3697874.0,34170.0,3961.0,248519.0,471.0,443.0,125.0,35.0,4632.0
3742658.0,44784.0,4177.0,249013.0,494.0,421.0,121.0,56.0,4638.0
3754039.0,11381.0,2471.0,249305.0,292.0,408.0,121.0,23.0,4641.0
3762942.0,8903.0,1504.0,249418.0,113.0,407.0,121.0,8.0,4644.0
3810455.0,47513.0,4232.0,249921.0,497.0,383.0,113.0,52.0,4658.0
3843188.0,32733.0,4469.0,250453.0,532.0,368.0,110.0,38.0,4663.0
3875908.0,32720.0,3852.0,250811.0,358.0,363.0,110.0,23.0,4670.0
3913361.0,37453.0,4136.0,251142.0,331.0,348.0,111.0,31.0,4673.0
3960770.0,47409.0,3805.0,251525.0,383.0,319.0,102.0,54.0,4674.0
3972312.0,11542.0,2117.0,251684.0,159.0,306.0,98.0,20.0,4678.0
3980339.0,8027.0,1405.0,251767.0,83.0,316.0,96.0,8.0,4679.0
4028010.0,47671.0,3558.0,252099.0,326.0,295.0,92.0,38.0,4678.0
4060398.0,32388.0,4237.0,252487.0,388.0,277.0,85.0,23.0,4683.0
4093993.0,33595.0,4012.0,252852.0,365.0,265.0,79.0,23.0,4686.0
4131203.0,37210.0,3585.0,253140.0,288.0,252.0,78.0,27.0,4690.0
4179966.0,48763.0,3699.0,253495.0,355.0,233.0,75.0,35.0,4692.0
4190474.0,10508.0,1852.0,253630.0,135.0,242.0,75.0,6.0,4694.0
4199573.0,9099.0,1501.0,253721.0,91.0,245.0,72.0,6.0,4695.0
4245647.0,46074.0,3378.0,254045.0,323.0,227.0,67.0,29.0,4694.0
4276947.0,31300.0,4166.0,254419.0,374.0,214.0,62.0,24.0,4698.0
4308341.0,31394.0,3837.0,254692.0,273.0,213.0,60.0,19.0,4701.0
4345294.0,36953.0,3915.0,254972.0,280.0,205.0,59.0,19.0,4703.0
4393237.0,47943.0,3464.0,255217.0,245.0,201.0,52.0,13.0,4705.0
4404523.0,11286.0,2256.0,255374.0,157.0,198.0,48.0,16.0,4706.0
4414315.0,9792.0,1329.0,255431.0,57.0,203.0,51.0,8.0,4708.0
4458327.0,44012.0,3048.0,255652.0,220.0,195.0,51.0,26.0,4708.0
4487366.0,29039.0,3506.0,255907.0,255.0,188.0,47.0,18.0,4709.0
4517845.0,30479.0,3030.0,256102.0,195.0,172.0,49.0,22.0,4710.0
4551971.0,34126.0,2734.0,256224.0,122.0,165.0,48.0,17.0,4714.0
4599020.0,47049.0,2669.0,256350.0,126.0,138.0,44.0,33.0,4717.0
4609459.0,10439.0,1371.0,256441.0,91.0,135.0,45.0,6.0,4720.0
4617435.0,7976.0,1023.0,256465.0,24.0,134.0,42.0,2.0,4722.0
4659566.0,42131.0,2330.0,256581.0,112.0,122.0,40.0,21.0,4723.0
4687148.0,27582.0,2643.0,256699.0,118.0,121.0,38.0,8.0,4724.0
4715997.0,28849.0,2333.0,256782.0,83.0,112.0,38.0,15.0,4724.0
4751002.0,35005.0,2409.0,256870.0,88.0,109.0,39.0,8.0,4726.0
4797691.0,46689.0,2237.0,256954.0,84.0,101.0,37.0,15.0,4727.0
4808282.0,10591.0,1059.0,256980.0,26.0,102.0,37.0,6.0,4727.0
4815761.0,7479.0,805.0,256999.0,19.0,105.0,35.0,1.0,4730.0
4851902.0,36141.0,2177.0,257066.0,65.0,92.0,33.0,16.0,4742.0
4871655.0,19753.0,2038.0,257116.0,50.0,83.0,29.0,10.0,4743.0
4904430.0,32775.0,2146.0,257159.0,43.0,80.0,28.0,5.0,4743.0
4961003.0,56573.0,2161.0,257205.0,46.0,74.0,26.0,11.0,4743.0
4971995.0,10992.0,952.0,257216.0,11.0,74.0,24.0,3.0,4745.0
4985879.0,13884.0,857.0,257235.0,19.0,75.0,23.0,1.0,4745.0
4993171.0,7292.0,648.0,257247.0,12.0,74.0,22.0,6.0,4745.0
5022249.0,29078.0,1643.0,257288.0,35.0,71.0,19.0,7.0,4749.0
5040336.0,18087.0,2029.0,257335.0,47.0,68.0,17.0,5.0,4749.0
5059663.0,19327.0,1623.0,257358.0,23.0,66.0,16.0,6.0,4749.0
5084959.0,25296.0,1656.0,257383.0,25.0,64.0,16.0,4.0,4749.0
5121202.0,36243.0,1511.0,257413.0,30.0,61.0,17.0,9.0,4749.0
5134078.0,12876.0,845.0,257422.0,9.0,60.0,18.0,3.0,4749.0
5140211.0,6133.0,604.0,257430.0,8.0,58.0,16.0,2.0,4750.0
5168443.0,28232.0,1695.0,257477.0,48.0,59.0,15.0,2.0,4752.0
5187697.0,19254.0,2104.0,257550.0,73.0,52.0,10.0,9.0,4753.0
5208595.0,20898.0,1713.0,257618.0,68.0,47.0,10.0,7.0,4754.0
5234725.0,26130.0,1696.0,257700.0,82.0,41.0,10.0,8.0,4754.0
5272353.0,37628.0,1641.0,257782.0,82.0,43.0,10.0,1.0,4754.0
5285314.0,12961.0,774.0,257807.0,25.0,43.0,10.0,1.0,4754.0
5291525.0,6211.0,564.0,257819.0,12.0,41.0,10.0,0.0,4756.0
5318902.0,27377.0,1846.0,257959.0,84.0,39.0,10.0,3.0,4765.0
5337173.0,18271.0,1758.0,258042.0,83.0,34.0,10.0,6.0,4765.0
5358798.0,21625.0,1691.0,258098.0,56.0,32.0,10.0,2.0,4765.0
5384798.0,26000.0,1684.0,258162.0,64.0,30.0,10.0,4.0,4765.0
5425174.0,40376.0,1733.0,258223.0,61.0,28.0,10.0,4.0,4765.0
5440524.0,15350.0,819.0,258244.0,21.0,29.0,10.0,1.0,4765.0
5448060.0,7536.0,590.0,258253.0,9.0,30.0,10.0,0.0,4765.0
5477506.0,29446.0,1734.0,258286.0,88.0,28.0,9.0,3.0,4765.0
5497895.0,20389.0,1807.0,258397.0,111.0,27.0,8.0,3.0,4765.0
5519585.0,21690.0,1446.0,258466.0,69.0,27.0,7.0,3.0,4766.0
5545872.0,26287.0,1641.0,258524.0,58.0,29.0,8.0,0.0,4766.0
5591452.0,45580.0,1865.0,258617.0,93.0,29.0,8.0,3.0,4766.0
5609922.0,18470.0,740.0,258649.0,32.0,29.0,8.0,0.0,4767.0
5618338.0,8416.0,593.0,258671.0,22.0,29.0,8.0,0.0,4768.0
5634453.0,16115.0,1650.0,258779.0,106.0,28.0,7.0,5.0,4761.0
5655518.0,21065.0,1583.0,258864.0,85.0,28.0,7.0,1.0,4761.0
5677806.0,22288.0,1479.0,258963.0,99.0,29.0,8.0,1.0,4761.0
5706004.0,28198.0,1686.0,259079.0,116.0,30.0,9.0,2.0,4761.0
5753171.0,47167.0,1673.0,259214.0,135.0,29.0,9.0,3.0,4762.0
5773343.0,20172.0,761.0,259272.0,58.0,29.0,9.0,3.0,4763.0
5782703.0,9360.0,647.0,259303.0,31.0,31.0,9.0,1.0,4763.0
5813000.0,30297.0,1773.0,259484.0,181.0,30.0,9.0,2.0,4763.0
5833323.0,20323.0,1587.0,259623.0,139.0,30.0,8.0,3.0,4763.0
5855737.0,22414.0,1610.0,259761.0,138.0,28.0,8.0,6.0,4763.0
5882089.0,26352.0,1771.0,259905.0,144.0,29.0,7.0,1.0,4764.0
5926104.0,44015.0,1575.0,260038.0,133.0,32.0,8.0,0.0,4765.0
5953127.0,27023.0,776.0,260106.0,68.0,31.0,7.0,1.0,4767.0
5961097.0,7970.0,668.0,260152.0,46.0,32.0,7.0,0.0,4767.0
5990185.0,29088.0,1848.0,260368.0,216.0,36.0,7.0,4.0,4767.0
6011285.0,21100.0,1974.0,260616.0,248.0,36.0,7.0,4.0,4762.0
6033656.0,22371.0,1828.0,260864.0,248.0,40.0,6.0,4.0,4762.0
6058590.0,24934.0,1841.0,261063.0,199.0,42.0,6.0,4.0,4762.0
6104676.0,46086.0,1869.0,261327.0,264.0,42.0,7.0,5.0,4762.0
6126479.0,21803.0,920.0,261422.0,95.0,43.0,9.0,4.0,4762.0
6134925.0,8446.0,801.0,261478.0,56.0,45.0,10.0,1.0,4762.0
6165488.0,30563.0,2058.0,261796.0,318.0,49.0,11.0,1.0,4764.0
6187330.0,21842.0,2228.0,262181.0,385.0,57.0,9.0,2.0,4767.0
6211148.0,23818.0,2235.0,262562.0,381.0,56.0,10.0,7.0,4769.0
6239090.0,27942.0,2481.0,262895.0,333.0,54.0,12.0,7.0,4769.0
6287910.0,48820.0,2119.0,263283.0,388.0,66.0,15.0,6.0,4769.0
6313355.0,25445.0,1397.0,263527.0,244.0,66.0,18.0,4.0,4771.0
6325223.0,11868.0,754.0,263643.0,116.0,75.0,18.0,0.0,4772.0
6354679.0,29456.0,2489.0,264120.0,477.0,86.0,19.0,8.0,4770.0
6375224.0,20545.0,2805.0,264628.0,508.0,89.0,19.0,12.0,4771.0
6397939.0,22715.0,2932.0,265137.0,509.0,105.0,18.0,12.0,4772.0
6420621.0,22682.0,2953.0,265679.0,542.0,117.0,22.0,10.0,4774.0
6457343.0,36722.0,3103.0,266217.0,538.0,121.0,22.0,16.0,4776.0
6474870.0,17527.0,1396.0,266490.0,273.0,129.0,23.0,8.0,4776.0
6482173.0,7303.0,887.0,266633.0,143.0,141.0,27.0,5.0,4777.0
6518885.0,36712.0,2916.0,267198.0,538.0,146.0,30.0,16.0,4778.0
6545976.0,27091.0,3788.0,267962.0,764.0,159.0,37.0,13.0,4778.0
6569955.0,23979.0,3611.0,268628.0,666.0,162.0,40.0,18.0,4781.0
6594371.0,24416.0,3303.0,269238.0,610.0,180.0,41.0,15.0,4781.0
6634944.0,40573.0,3748.0,269979.0,741.0,189.0,44.0,21.0,4784.0
6652528.0,17584.0,1710.0,270296.0,317.0,209.0,42.0,9.0,4784.0
6660561.0,8033.0,1427.0,270530.0,234.0,217.0,45.0,10.0,4785.0
6701835.0,41274.0,3943.0,271407.0,877.0,229.0,54.0,17.0,4781.0
6729407.0,27572.0,5159.0,272500.0,1093.0,243.0,61.0,22.0,4784.0
6758660.0,29253.0,4912.0,273528.0,1016.0,269.0,63.0,20.0,4785.0
6786201.0,27541.0,5186.0,274526.0,998.0,278.0,61.0,22.0,4789.0
6830178.0,43977.0,5488.0,275611.0,1085.0,274.0,62.0,23.0,4792.0
6849402.0,19224.0,2720.0,276210.0,559.0,292.0,70.0,9.0,4792.0
6857433.0,8031.0,1657.0,276492.0,282.0,312.0,74.0,7.0,4793.0
6892832.0,35399.0,5665.0,277853.0,1393.0,333.0,77.0,21.0,4797.0
6925238.0,32406.0,6745.0,279217.0,1364.0,347.0,75.0,26.0,4803.0
6970596.0,45358.0,6703.0,280541.0,1324.0,341.0,83.0,31.0,4809.0
7008392.0,37796.0,6528.0,281684.0,1143.0,348.0,86.0,28.0,4815.0
7057313.0,48921.0,6247.0,282932.0,1248.0,360.0,91.0,21.0,4818.0
7078284.0,20971.0,2579.0,283477.0,545.0,360.0,94.0,28.0,4822.0
7089211.0,10927.0,1706.0,283768.0,291.0,363.0,97.0,20.0,4827.0
7135425.0,46214.0,5728.0,285079.0,1308.0,377.0,100.0,38.0,4826.0
7170494.0,35069.0,5930.0,286265.0,1186.0,384.0,105.0,29.0,4836.0
7207440.0,36946.0,5618.0,287276.0,1011.0,391.0,102.0,35.0,4840.0
7240398.0,32958.0,5471.0,288217.0,941.0,404.0,104.0,24.0,4845.0
7286574.0,46176.0,5534.0,289222.0,1005.0,382.0,104.0,40.0,4851.0
7306037.0,19463.0,2310.0,289666.0,444.0,407.0,106.0,15.0,4856.0
7314797.0,8760.0,1440.0,289951.0,285.0,426.0,108.0,12.0,4862.0
7356633.0,41836.0,4785.0,290994.0,1037.0,419.0,107.0,45.0,4857.0
7387614.0,30981.0,6408.0,292333.0,1339.0,403.0,114.0,53.0,4861.0
7420636.0,33022.0,5753.0,293361.0,1028.0,420.0,109.0,28.0,4866.0
7451655.0,31019.0,5330.0,294331.0,970.0,419.0,112.0,39.0,4870.0
7489619.0,37964.0,4997.0,295301.0,993.0,426.0,118.0,40.0,4875.0
7506863.0,17244.0,2438.0,295832.0,531.0,428.0,123.0,22.0,4880.0
7515514.0,8651.0,1201.0,296080.0,225.0,431.0,122.0,9.0,4888.0
7553167.0,37653.0,4783.0,297062.0,979.0,426.0,121.0,37.0,4899.0
7581454.0,28287.0,6174.0,298269.0,1207.0,400.0,114.0,49.0,4907.0
7610643.0,29189.0,5336.0,299237.0,968.0,413.0,114.0,36.0,4910.0
7636421.0,25778.0,4709.0,300075.0,838.0,413.0,115.0,33.0,4912.0
7670909.0,34488.0,4610.0,300958.0,883.0,423.0,120.0,36.0,4917.0
7685960.0,15051.0,2048.0,301447.0,489.0,417.0,120.0,30.0,4923.0
7692770.0,6810.0,1012.0,301633.0,186.0,422.0,121.0,12.0,4929.0
7727709.0,34939.0,4558.0,302638.0,1005.0,428.0,116.0,37.0,4944.0
7754198.0,26489.0,5686.0,303881.0,1227.0,420.0,122.0,42.0,4949.0
7783150.0,28952.0,5366.0,304962.0,1081.0,406.0,117.0,46.0,4952.0
7809231.0,26081.0,5139.0,306062.0,1100.0,403.0,116.0,39.0,4957.0
7845531.0,36300.0,5713.0,307499.0,1437.0,398.0,119.0,48.0,4961.0
7861599.0,16068.0,2274.0,308131.0,632.0,411.0,123.0,6.0,4964.0
7869183.0,7584.0,1355.0,308495.0,364.0,418.0,121.0,16.0,4966.0
7904318.0,35135.0,5230.0,310170.0,1669.0,421.0,124.0,37.0,4995.0
7932370.0,28052.0,7367.0,312315.0,2145.0,427.0,122.0,43.0,5004.0
7963329.0,30959.0,6639.0,314160.0,1845.0,421.0,120.0,46.0,5011.0
7984926.0,21597.0,6867.0,316125.0,1965.0,440.0,120.0,38.0,5020.0
8025518.0,40592.0,7507.0,318395.0,2270.0,455.0,120.0,50.0,5027.0
8048006.0,22488.0,4458.0,319892.0,1497.0,475.0,126.0,18.0,5032.0
8057339.0,9333.0,2081.0,320599.0,707.0,493.0,127.0,22.0,5043.0
8094663.0,37324.0,6068.0,322914.0,2292.0,510.0,131.0,45.0,5027.0
8125974.0,31311.0,8308.0,326080.0,3166.0,526.0,133.0,59.0,5036.0
8159674.0,33700.0,7315.0,328711.0,2631.0,547.0,131.0,56.0,5046.0
8190745.0,31071.0,6790.0,331221.0,2510.0,558.0,134.0,59.0,5053.0
8230863.0,40118.0,7604.0,334206.0,2985.0,561.0,132.0,71.0,5062.0
8253491.0,22628.0,3948.0,335869.0,1663.0,572.0,138.0,51.0,5068.0
8262671.0,9180.0,2632.0,337126.0,1257.0,603.0,142.0,22.0,5079.0
8272235.0,9564.0,2634.0,338246.0,1136.0,634.0,158.0,31.0,5084.0
8315524.0,43289.0,7722.0,341702.0,3456.0,670.0,159.0,46.0,5102.0
8350412.0,34888.0,10156.0,346213.0,4511.0,735.0,169.0,57.0,5111.0
8387919.0,37507.0,9961.0,349984.0,3771.0,761.0,177.0,67.0,5124.0
8429072.0,41153.0,9609.0,353646.0,3662.0,748.0,175.0,91.0,5138.0
8450752.0,21680.0,5451.0,355959.0,2313.0,797.0,184.0,34.0,5149.0
8461634.0,10882.0,2958.0,357241.0,1282.0,843.0,190.0,33.0,5162.0
8524964.0,63330.0,7615.0,360614.0,3344.0,874.0,193.0,60.0,5144.0
8576220.0,51256.0,10571.0,365095.0,4481.0,889.0,191.0,69.0,5164.0
8643002.0,66782.0,9068.0,368663.0,3568.0,920.0,212.0,73.0,5174.0
8700832.0,57830.0,9118.0,372094.0,3431.0,954.0,215.0,66.0,5188.0
8780166.0,79334.0,9205.0,375760.0,3666.0,981.0,225.0,71.0,5208.0
8822958.0,42792.0,5342.0,378125.0,2365.0,990.0,227.0,51.0,5229.0
8842396.0,19438.0,3415.0,379940.0,1815.0,1008.0,229.0,40.0,5240.0
8931729.0,89333.0,7643.0,383735.0,3763.0,1074.0,236.0,65.0,5274.0
8996117.0,64388.0,10046.0,388011.0,4276.0,1095.0,251.0,87.0,5293.0
9075860.0,79743.0,9220.0,391673.0,3662.0,1104.0,253.0,72.0,5317.0
9143697.0,67837.0,8274.0,395190.0,3517.0,1127.0,256.0,59.0,5337.0
9237014.0,93317.0,8127.0,398422.0,3232.0,1106.0,266.0,106.0,5359.0
9287556.0,50542.0,4732.0,400667.0,2245.0,1126.0,269.0,45.0,5378.0
9310242.0,22686.0,2730.0,402056.0,1389.0,1162.0,275.0,32.0,5394.0
9407136.0,96894.0,7344.0,405477.0,3394.0,1153.0,285.0,105.0,5434.0
9473176.0,66040.0,8618.0,408621.0,3144.0,1168.0,283.0,85.0,5445.0
9556942.0,83766.0,7194.0,411289.0,2668.0,1145.0,286.0,114.0,5455.0
9626805.0,69863.0,6523.0,413653.0,2364.0,1137.0,289.0,87.0,5472.0
9712659.0,85854.0,6143.0,415877.0,2224.0,1120.0,284.0,87.0,5495.0
9769425.0,50623.0,3402.0,417355.0,1478.0,1140.0,285.0,35.0,5518.0
9792971.0,23546.0,2226.0,418389.0,1034.0,1156.0,281.0,40.0,5537.0
9891976.0,99005.0,6287.0,420898.0,2482.0,1128.0,280.0,115.0,5553.0
9958428.0,66452.0,6974.0,423155.0,2257.0,1107.0,277.0,90.0,5568.0
10043816.0,85388.0,6226.0,425280.0,2125.0,1087.0,280.0,72.0,5582.0
10110757.0,66941.0,5485.0,427017.0,1737.0,1059.0,269.0,89.0,5599.0
10208975.0,98218.0,5513.0,428925.0,1908.0,1029.0,259.0,106.0,5617.0
10263540.0,54565.0,2986.0,430041.0,1116.0,1034.0,271.0,39.0,5630.0
10287962.0,24422.0,1857.0,430816.0,775.0,1050.0,268.0,32.0,5646.0
10388751.0,100789.0,5471.0,432793.0,1950.0,1005.0,266.0,99.0,5663.0
10453854.0,65103.0,6571.0,434640.0,1847.0,963.0,258.0,81.0,5679.0
10540956.0,87102.0,5945.0,436327.0,1687.0,948.0,248.0,82.0,5688.0
10604637.0,63681.0,5050.0,437650.0,1323.0,914.0,244.0,79.0,5707.0
10704622.0,99985.0,5048.0,439126.0,1476.0,909.0,247.0,69.0,5718.0
10761634.0,57012.0,2230.0,439909.0,783.0,883.0,243.0,38.0,5732.0
10790608.0,28974.0,1749.0,440586.0,677.0,874.0,236.0,25.0,5748.0
10892568.0,101960.0,5111.0,442347.0,1712.0,817.0,235.0,97.0,5820.0
10963254.0,70686.0,5903.0,443873.0,1526.0,804.0,231.0,59.0,5828.0
11058107.0,94853.0,4923.0,445218.0,1345.0,776.0,237.0,62.0,5836.0
11139923.0,81816.0,5022.0,446496.0,1278.0,746.0,237.0,66.0,5848.0
11250225.0,110302.0,4479.0,447782.0,1286.0,703.0,223.0,81.0,5867.0
11318861.0,68636.0,2263.0,448558.0,776.0,701.0,216.0,23.0,5880.0
11352507.0,33646.0,1547.0,449143.0,585.0,696.0,215.0,26.0,5889.0
11468345.0,115838.0,4973.0,450703.0,1555.0,665.0,205.0,57.0,5942.0
11548880.0,80535.0,5561.0,451958.0,1255.0,649.0,206.0,53.0,5948.0
11655452.0,106572.0,4929.0,453082.0,1124.0,624.0,203.0,61.0,5958.0
11740036.0,84584.0,4997.0,454285.0,1203.0,614.0,204.0,55.0,5960.0
11825604.0,85568.0,4232.0,455371.0,1086.0,580.0,199.0,75.0,5966.0
11840712.0,15108.0,2157.0,456037.0,666.0,577.0,197.0,17.0,5974.0
11882456.0,41744.0,1846.0,456735.0,698.0,592.0,201.0,12.0,5983.0
12002053.0,119597.0,5334.0,458568.0,1813.0,586.0,201.0,46.0,6013.0
12101853.0,99800.0,5948.0,460431.0,1863.0,572.0,190.0,53.0,6022.0
12215353.0,113500.0,5107.0,462135.0,1704.0,574.0,186.0,30.0,6030.0
12319736.0,104383.0,5168.0,464027.0,1892.0,553.0,179.0,42.0,6036.0
12405159.0,85423.0,4263.0,465688.0,1661.0,534.0,174.0,35.0,6042.0
12418273.0,13114.0,1981.0,466580.0,892.0,533.0,173.0,17.0,6045.0
12461123.0,42850.0,2282.0,467588.0,1008.0,548.0,173.0,17.0,6056.0
12568085.0,106962.0,7485.0,470981.0,3393.0,531.0,162.0,52.0,6064.0
12661295.0,93210.0,10577.0,475027.0,4068.0,542.0,160.0,36.0,6093.0
12761705.0,100410.0,10083.0,478856.0,3829.0,550.0,161.0,39.0,6098.0
12859237.0,97532.0,11016.0,482925.0,4069.0,547.0,155.0,43.0,6107.0
12969564.0,110327.0,11223.0,487394.0,4469.0,538.0,156.0,43.0,6113.0
12976980.0,76212.0,7416.0,490743.0,3349.0,537.0,161.0,30.0,6118.0
12982213.0,42831.0,5233.0,493258.0,2515.0,572.0,157.0,9.0,6125.0
12992459.0,119046.0,10246.0,498506.0,5164.0,553.0,160.0,65.0,6146.0
13091595.0,99136.0,14814.0,505926.0,7420.0,538.0,154.0,48.0,6159.0
13203515.0,111920.0,13335.0,512781.0,6855.0,527.0,154.0,49.0,6166.0
13305095.0,101580.0,13681.0,519699.0,6918.0,524.0,155.0,56.0,6172.0
13428527.0,123432.0,14360.0,527279.0,7580.0,514.0,156.0,62.0,6177.0
13514553.0,86026.0,10299.0,533291.0,6012.0,549.0,156.0,22.0,6178.0
13564280.0,49727.0,7901.0,538258.0,4967.0,566.0,158.0,16.0,6185.0
13690043.0,125763.0,13803.0,547013.0,8681.0,575.0,155.0,58.0,6194.0
13797725.0,107682.0,19438.0,559299.0,12286.0,566.0,151.0,46.0,6202.0
13917326.0,119601.0,17271.0,569587.0,10288.0,580.0,150.0,58.0,6209.0
14022899.0,105573.0,14714.0,579445.0,9858.0,599.0,144.0,51.0,6221.0
14145017.0,122118.0,14650.0,589390.0,9945.0,601.0,136.0,61.0,6232.0
14236769.0,91752.0,18424.0,603301.0,13911.0,608.0,135.0,33.0,6250.0
14292782.0,56013.0,11104.0,611697.0,8396.0,636.0,135.0,32.0,6264.0
14423946.0,131164.0,16928.0,624802.0,12772.0,653.0,130.0,76.0,6254.0
14539835.0,115889.0,22924.0,642293.0,17491.0,670.0,127.0,33.0,6268.0
14664472.0,124637.0,19707.0,656499.0,14206.0,708.0,125.0,59.0,6282.0
14779749.0,115277.0,22270.0,673070.0,16571.0,719.0,134.0,71.0,6289.0
14908431.0,128682.0,20636.0,687948.0,14878.0,726.0,124.0,91.0,6300.0
15000250.0,91819.0,17943.0,701800.0,13852.0,749.0,130.0,30.0,6311.0
15064376.0,64126.0,11067.0,710375.0,8575.0,680.0,138.0,20.0,6320.0
15204330.0,139954.0,15585.0,722648.0,11810.0,755.0,132.0,78.0,6342.0
15317633.0,113303.0,17143.0,746081.0,23433.0,797.0,132.0,99.0,6354.0
15446850.0,129217.0,8702.0,762735.0,16654.0,794.0,124.0,76.0,6373.0
15554172.0,107322.0,3808.0,774403.0,11668.0,831.0,132.0,73.0,6395.0
15674196.0,120024.0,4030.0,786083.0,11680.0,811.0,133.0,102.0,6420.0
15753122.0,78926.0,1748.0,793541.0,7458.0,833.0,136.0,41.0,6436.0
15802024.0,48902.0,1247.0,799053.0,5512.0,974.0,134.0,65.0,6454.0
